mrbtsId,lnBtsId,lnCelId,addSpectrEmi,administrativeState,amleMaxNumHo,amlePeriodLoadExchange,caPoolId,iFLBBearCheckTimer,iFLBHighLoadGBRDL,iFLBHighLoadNonGBRDL
40001,40001,0,12,1,10,1000,1,10,60,85
40001,40001,1,12,1,10,1000,2,10,60,85
40001,40001,2,12,1,10,1000,3,10,60,85
40001,40001,3,12,1,10,1000,1,10,60,85
40001,40001,4,12,1,10,1000,2,10,60,85
40001,40001,5,12,1,10,1000,3,10,60,85
40002,40002,0,12,1,10,1000,1,,,
40002,40002,1,12,1,10,1000,2,,,
40002,40002,2,12,1,10,1000,3,,,
40002,40002,3,12,1,10,1000,1,,,
40002,40002,4,12,1,10,1000,2,,,
40002,40002,5,12,1,10,1000,3,,,
40003,40003,0,12,1,10,1000,1,,,
40003,40003,1,12,1,10,1000,2,,,
40003,40003,2,12,1,10,1000,3,,,
40003,40003,3,12,1,10,1000,1,,,
40003,40003,4,12,1,10,1000,2,,,
40003,40003,5,12,1,10,1000,3,,,
40004,40004,0,12,1,10,1000,1,10,60,85
40004,40004,1,12,1,10,1000,2,10,60,85
40004,40004,2,12,1,10,1000,3,10,60,85
40004,40004,3,12,1,10,1000,1,10,60,85
40004,40004,4,12,1,10,1000,2,10,60,85
40004,40004,5,12,1,10,1000,3,10,60,85
40005,40005,0,12,1,10,1000,1,,,
40005,40005,1,12,1,10,1000,2,,,
40005,40005,2,12,1,10,1000,3,,,
40005,40005,3,12,1,10,1000,1,,,
40005,40005,4,12,1,10,1000,2,,,
40005,40005,5,12,1,10,1000,3,,,
40006,40006,0,12,1,10,1000,1,10,60,85
40006,40006,1,12,1,10,1000,2,10,60,85
40006,40006,2,12,1,10,1000,3,10,60,85
40006,40006,3,12,1,10,1000,1,10,60,85
40006,40006,4,12,1,10,1000,2,10,60,85
40006,40006,5,12,1,10,1000,3,10,60,85
40007,40007,0,12,1,10,1000,1,10,60,85
40007,40007,1,12,1,10,1000,2,10,60,85
40007,40007,2,12,1,10,1000,3,10,60,85
40007,40007,3,12,1,10,1000,1,10,60,85
40007,40007,4,12,1,10,1000,2,10,60,85
40007,40007,5,12,1,10,1000,3,10,60,85
40008,40008,0,12,1,10,1000,1,10,60,85
40008,40008,1,12,1,10,1000,2,10,60,85
40008,40008,2,12,1,10,1000,3,10,60,85
40008,40008,3,12,1,10,1000,1,10,60,85
40008,40008,4,12,1,10,1000,2,10,60,85
40008,40008,5,12,1,10,1000,3,10,60,85
40009,40009,0,12,1,10,1000,1,10,60,85
40009,40009,1,12,1,10,1000,2,10,60,85
40009,40009,2,12,1,10,1000,3,10,60,85
40009,40009,3,12,1,10,1000,1,10,60,85
40009,40009,4,12,1,10,1000,2,10,60,85
40009,40009,5,12,1,10,1000,3,10,60,85
40010,40010,0,12,1,10,1000,1,,,
40010,40010,1,12,1,10,1000,2,,,
40010,40010,2,12,1,10,1000,3,,,
40010,40010,3,12,1,10,1000,1,,,
40010,40010,4,12,1,10,1000,2,,,
40010,40010,5,12,1,10,1000,3,,,
40011,40011,0,12,1,10,1000,1,10,60,85
40011,40011,1,12,1,10,1000,2,10,60,85
40011,40011,2,12,1,10,1000,3,10,60,85
40011,40011,3,12,1,10,1000,1,10,60,85
40011,40011,4,12,1,10,1000,2,10,60,85
40011,40011,5,12,1,10,1000,3,10,60,85
40012,40012,0,12,1,10,1000,1,10,60,85
40012,40012,1,12,1,10,1000,2,10,60,85
40012,40012,2,12,1,10,1000,3,10,60,85
40012,40012,3,12,1,10,1000,1,10,60,85
40012,40012,4,12,1,10,1000,2,10,60,85
40012,40012,5,12,1,10,1000,3,10,60,85
40012,40012,6,12,3,10,1000,1,10,60,85
40012,40012,7,12,3,10,1000,2,10,60,85
40012,40012,8,12,3,10,1000,3,10,60,85
40012,40012,12,12,1,10,1000,1,10,60,85
40012,40012,13,12,1,10,1000,2,10,60,85
40012,40012,14,12,1,10,1000,3,10,60,85
40012,40012,15,12,1,10,1000,1,10,60,85
40012,40012,16,12,1,10,1000,2,10,60,85
40012,40012,17,12,1,10,1000,3,10,60,85
40013,40013,0,12,1,10,1000,1,,,
40013,40013,1,12,1,10,1000,2,,,
40013,40013,2,12,1,10,1000,3,,,
40013,40013,3,12,1,10,1000,4,,,
40013,40013,4,12,1,10,1000,5,,,
40013,40013,5,12,1,10,1000,6,,,
40014,40014,0,12,1,10,1000,1,10,60,85
40014,40014,1,12,1,10,1000,2,10,60,85
40014,40014,2,12,1,10,1000,3,10,60,85
40014,40014,3,12,1,10,1000,1,10,60,85
40014,40014,4,12,1,10,1000,2,10,60,85
40014,40014,5,12,1,10,1000,3,10,60,85
40014,40014,6,12,1,10,1000,1,10,60,85
40014,40014,7,12,1,10,1000,2,10,60,85
40014,40014,8,12,1,10,1000,3,10,60,85
40014,40014,12,12,1,10,1000,1,10,60,85
40014,40014,13,12,1,10,1000,2,10,60,85
40014,40014,14,12,1,10,1000,3,10,60,85
40014,40014,15,12,1,10,1000,1,10,60,85
40014,40014,16,12,1,10,1000,2,10,60,85
40014,40014,17,12,1,10,1000,3,10,60,85
40015,40015,0,12,1,10,1000,1,,,
40015,40015,1,12,1,10,1000,2,,,
40015,40015,2,12,1,10,1000,3,,,
40015,40015,3,12,1,10,1000,1,,,
40015,40015,4,12,1,10,1000,2,,,
40015,40015,5,12,1,10,1000,3,,,
40016,40016,0,12,1,10,1000,1,,,
40016,40016,1,12,1,10,1000,2,,,
40016,40016,2,12,1,10,1000,3,,,
40016,40016,3,12,1,10,1000,1,,,
40016,40016,4,12,1,10,1000,2,,,
40016,40016,5,12,1,10,1000,3,,,
40017,40017,0,12,1,10,1000,1,10,60,85
40017,40017,1,12,1,10,1000,2,10,60,85
40017,40017,2,12,1,10,1000,3,10,60,85
40017,40017,3,12,1,10,1000,1,10,60,85
40017,40017,4,12,1,10,1000,2,10,60,85
40017,40017,5,12,1,10,1000,3,10,60,85
40017,40017,6,12,3,10,1000,1,10,60,85
40017,40017,7,12,3,10,1000,2,10,60,85
40017,40017,8,12,3,10,1000,3,10,60,85
40018,40018,0,12,1,10,1000,1,10,60,85
40018,40018,1,12,1,10,1000,2,10,60,85
40018,40018,2,12,1,10,1000,3,10,60,85
40018,40018,3,12,1,10,1000,1,10,60,85
40018,40018,4,12,1,10,1000,2,10,60,85
40018,40018,5,12,1,10,1000,3,10,60,85
40019,40019,0,12,1,10,1000,1,10,60,85
40019,40019,1,12,1,10,1000,2,10,60,85
40019,40019,2,12,1,10,1000,3,10,60,85
40019,40019,3,12,1,10,1000,1,10,60,85
40019,40019,4,12,1,10,1000,2,10,60,85
40019,40019,5,12,1,10,1000,3,10,60,85
40019,40019,6,12,1,10,1000,1,10,60,85
40019,40019,7,12,1,10,1000,2,10,60,85
40019,40019,8,12,1,10,1000,3,10,60,85
40021,40021,0,12,1,10,1000,1,10,60,85
40021,40021,1,12,1,10,1000,2,10,60,85
40021,40021,2,12,1,10,1000,3,10,60,85
40021,40021,3,12,1,10,1000,1,10,60,85
40021,40021,4,12,1,10,1000,2,10,60,85
40021,40021,5,12,1,10,1000,3,10,60,85
40022,40022,0,12,1,10,1000,1,,,
40022,40022,1,12,1,10,1000,2,,,
40022,40022,2,12,1,10,1000,3,,,
40022,40022,3,12,1,10,1000,1,,,
40022,40022,4,12,1,10,1000,2,,,
40022,40022,5,12,1,10,1000,3,,,
40023,40023,0,12,1,10,1000,1,,,
40023,40023,1,12,1,10,1000,2,,,
40023,40023,2,12,1,10,1000,3,,,
40023,40023,3,12,1,10,1000,1,,,
40023,40023,4,12,1,10,1000,2,,,
40023,40023,5,12,1,10,1000,3,,,
40025,40025,0,12,1,10,1000,1,,,
40025,40025,1,12,1,10,1000,2,,,
40025,40025,2,12,1,10,1000,3,,,
40025,40025,3,12,1,10,1000,1,,,
40025,40025,4,12,1,10,1000,2,,,
40025,40025,5,12,1,10,1000,3,,,
40026,40026,0,12,1,10,1000,1,10,60,85
40026,40026,1,12,1,10,1000,2,10,60,85
40026,40026,2,12,1,10,1000,3,10,60,85
40026,40026,3,12,1,10,1000,1,10,60,85
40026,40026,4,12,1,10,1000,2,10,60,85
40026,40026,5,12,1,10,1000,3,10,60,85
40026,40026,12,12,1,10,1000,1,10,60,85
40026,40026,13,12,1,10,1000,2,10,60,85
40026,40026,14,12,1,10,1000,3,10,60,85
40026,40026,15,12,1,10,1000,1,10,60,85
40026,40026,16,12,1,10,1000,2,10,60,85
40026,40026,17,12,1,10,1000,3,10,60,85
40027,40027,0,12,1,10,1000,1,10,60,85
40027,40027,1,12,1,10,1000,2,10,60,85
40027,40027,2,12,1,10,1000,3,10,60,85
40027,40027,3,12,1,10,1000,1,10,60,85
40027,40027,4,12,1,10,1000,2,10,60,85
40027,40027,5,12,1,10,1000,3,10,60,85
40027,40027,12,12,1,10,1000,1,10,60,85
40027,40027,13,12,1,10,1000,2,10,60,85
40027,40027,14,12,1,10,1000,3,10,60,85
40027,40027,15,12,1,10,1000,1,10,60,85
40027,40027,16,12,1,10,1000,2,10,60,85
40027,40027,17,12,1,10,1000,3,10,60,85
40028,40028,0,12,1,10,1000,1,,,
40028,40028,1,12,1,10,1000,2,,,
40028,40028,2,12,1,10,1000,3,,,
40028,40028,3,12,1,10,1000,1,,,
40028,40028,4,12,1,10,1000,2,,,
40028,40028,5,12,1,10,1000,3,,,
40030,40030,0,12,1,10,1000,1,10,60,85
40030,40030,1,12,1,10,1000,2,10,60,85
40030,40030,2,12,1,10,1000,3,10,60,85
40030,40030,3,12,1,10,1000,1,10,60,85
40030,40030,4,12,1,10,1000,2,10,60,85
40030,40030,5,12,1,10,1000,3,10,60,85
40030,40030,12,12,1,10,1000,1,10,60,85
40030,40030,13,12,1,10,1000,2,10,60,85
40030,40030,14,12,1,10,1000,3,10,60,85
40030,40030,15,12,1,10,1000,1,10,60,85
40030,40030,16,12,1,10,1000,2,10,60,85
40030,40030,17,12,1,10,1000,3,10,60,85
40031,40031,0,12,1,10,1000,1,10,60,85
40031,40031,1,12,1,10,1000,2,10,60,85
40031,40031,2,12,1,10,1000,3,10,60,85
40031,40031,3,12,1,10,1000,1,10,60,85
40031,40031,4,12,1,10,1000,2,10,60,85
40031,40031,5,12,1,10,1000,3,10,60,85
40032,40032,0,12,1,10,1000,1,10,60,85
40032,40032,1,12,1,10,1000,2,10,60,85
40032,40032,2,12,1,10,1000,3,10,60,85
40032,40032,3,12,1,10,1000,1,10,60,85
40032,40032,4,12,1,10,1000,2,10,60,85
40032,40032,5,12,1,10,1000,3,10,60,85
40033,40033,0,12,1,10,1000,1,,,
40033,40033,1,12,1,10,1000,2,,,
40033,40033,2,12,1,10,1000,3,,,
40033,40033,3,12,1,10,1000,1,,,
40033,40033,4,12,1,10,1000,2,,,
40033,40033,5,12,1,10,1000,3,,,
40034,40034,0,12,1,10,1000,1,,,
40034,40034,1,12,1,10,1000,2,,,
40034,40034,2,12,1,10,1000,3,,,
40034,40034,3,12,1,10,1000,1,,,
40034,40034,4,12,1,10,1000,2,,,
40034,40034,5,12,1,10,1000,3,,,
40035,40035,0,12,1,10,1000,1,,,
40035,40035,1,12,1,10,1000,2,,,
40035,40035,2,12,1,10,1000,3,,,
40035,40035,3,12,1,10,1000,1,,,
40035,40035,4,12,1,10,1000,2,,,
40035,40035,5,12,1,10,1000,3,,,
40036,40036,0,12,1,10,1000,1,10,60,85
40036,40036,1,12,1,10,1000,2,10,60,85
40036,40036,2,12,1,10,1000,3,10,60,85
40036,40036,3,12,1,10,1000,1,10,60,85
40036,40036,4,12,1,10,1000,2,10,60,85
40036,40036,5,12,1,10,1000,3,10,60,85
40037,40037,0,12,1,10,1000,1,,,
40037,40037,1,12,1,10,1000,2,,,
40037,40037,2,12,1,10,1000,3,,,
40037,40037,3,12,1,10,1000,1,,,
40037,40037,4,12,1,10,1000,2,,,
40037,40037,5,12,1,10,1000,3,,,
40038,40038,0,12,1,10,1000,1,,,
40038,40038,1,12,1,10,1000,2,,,
40038,40038,2,12,1,10,1000,3,,,
40038,40038,3,12,1,10,1000,1,,,
40038,40038,4,12,1,10,1000,2,,,
40038,40038,5,12,1,10,1000,3,,,
40039,40039,0,12,1,10,1000,1,,,
40039,40039,1,12,1,10,1000,2,,,
40039,40039,2,12,1,10,1000,3,,,
40039,40039,3,12,1,10,1000,1,,,
40039,40039,4,12,1,10,1000,2,,,
40039,40039,5,12,1,10,1000,3,,,
40040,40040,0,12,1,10,1000,1,10,60,85
40040,40040,1,12,1,10,1000,2,10,60,85
40040,40040,2,12,1,10,1000,3,10,60,85
40040,40040,3,12,1,10,1000,1,10,60,85
40040,40040,4,12,1,10,1000,2,10,60,85
40040,40040,5,12,1,10,1000,3,10,60,85
40042,40042,0,12,1,10,1000,1,,,
40042,40042,1,12,1,10,1000,2,,,
40042,40042,2,12,1,10,1000,3,,,
40042,40042,3,12,1,10,1000,1,,,
40042,40042,4,12,1,10,1000,2,,,
40042,40042,5,12,1,10,1000,3,,,
40043,40043,0,12,1,10,1000,1,10,60,85
40043,40043,1,12,1,10,1000,2,10,60,85
40043,40043,2,12,1,10,1000,3,10,60,85
40043,40043,3,12,1,10,1000,1,10,60,85
40043,40043,4,12,1,10,1000,2,10,60,85
40043,40043,5,12,1,10,1000,3,10,60,85
40044,40044,0,12,1,10,1000,,,,
40044,40044,1,12,1,10,1000,,,,
40044,40044,2,12,1,10,1000,,,,
40044,40044,3,12,1,10,1000,,,,
40044,40044,4,12,1,10,1000,,,,
40044,40044,5,12,1,10,1000,,,,
40045,40045,0,12,1,10,1000,1,,,
40045,40045,1,12,1,10,1000,2,,,
40045,40045,2,12,1,10,1000,3,,,
40045,40045,3,12,1,10,1000,1,,,
40045,40045,4,12,1,10,1000,2,,,
40045,40045,5,12,1,10,1000,3,,,
40046,40046,0,12,1,10,1000,1,,,
40046,40046,1,12,1,10,1000,2,,,
40046,40046,2,12,1,10,1000,3,,,
40046,40046,3,12,1,10,1000,1,,,
40046,40046,4,12,1,10,1000,2,,,
40046,40046,5,12,1,10,1000,3,,,
40047,40047,0,12,1,10,1000,1,,,
40047,40047,1,12,1,10,1000,2,,,
40047,40047,2,12,1,10,1000,3,,,
40047,40047,3,12,1,10,1000,1,,,
40047,40047,4,12,1,10,1000,2,,,
40047,40047,5,12,1,10,1000,3,,,
40048,40048,0,12,1,10,1000,1,,,
40048,40048,1,12,1,10,1000,2,,,
40048,40048,2,12,1,10,1000,3,,,
40048,40048,3,12,1,10,1000,1,,,
40048,40048,4,12,1,10,1000,2,,,
40048,40048,5,12,1,10,1000,3,,,
40049,40049,0,12,1,10,1000,1,,,
40049,40049,1,12,1,10,1000,2,,,
40049,40049,2,12,1,10,1000,3,,,
40049,40049,3,12,1,10,1000,1,,,
40049,40049,4,12,1,10,1000,2,,,
40049,40049,5,12,1,10,1000,3,,,
40051,40051,0,12,1,10,1000,,,,
40051,40051,1,12,1,10,1000,,,,
40051,40051,2,12,1,10,1000,,,,
40051,40051,3,12,1,10,1000,,,,
40051,40051,4,12,1,10,1000,,,,
40051,40051,5,12,1,10,1000,,,,
40052,40052,0,12,1,10,10000,1,10,60,85
40052,40052,1,12,1,10,10000,2,10,60,85
40052,40052,2,12,1,10,10000,3,10,60,85
40052,40052,3,12,1,10,10000,1,10,60,85
40052,40052,4,12,1,10,10000,2,10,60,85
40052,40052,5,12,1,10,10000,3,10,60,85
40052,40052,6,12,1,10,1000,1,10,60,85
40052,40052,7,12,1,10,1000,2,10,60,85
40052,40052,8,12,1,10,1000,3,10,60,85
40052,40052,12,12,1,10,1000,1,10,60,85
40052,40052,13,12,1,10,1000,2,10,60,85
40052,40052,14,12,1,10,1000,3,10,60,85
40052,40052,15,12,1,10,1000,1,10,60,85
40052,40052,16,12,1,10,1000,2,10,60,85
40052,40052,17,12,1,10,1000,3,10,60,85
40053,40053,0,12,1,10,1000,1,10,60,85
40053,40053,1,12,1,10,1000,2,10,60,85
40053,40053,2,12,1,10,1000,3,10,60,85
40053,40053,3,12,1,10,1000,1,10,60,85
40053,40053,4,12,1,10,1000,2,10,60,85
40053,40053,5,12,1,10,1000,3,10,60,85
40054,40054,0,12,1,10,1000,1,10,60,85
40054,40054,1,12,1,10,1000,2,10,60,85
40054,40054,2,12,1,10,1000,3,10,60,85
40054,40054,3,12,1,10,1000,1,10,60,85
40054,40054,4,12,1,10,1000,2,10,60,85
40054,40054,5,12,1,10,1000,3,10,60,85
40056,40056,0,12,1,10,1000,1,10,60,85
40056,40056,1,12,1,10,1000,2,10,60,85
40056,40056,2,12,1,10,1000,3,10,60,85
40056,40056,3,12,1,10,1000,1,10,60,85
40056,40056,4,12,1,10,1000,2,10,60,85
40056,40056,5,12,1,10,1000,3,10,60,85
40056,40056,12,12,1,10,1000,1,10,60,85
40056,40056,13,12,1,10,1000,2,10,60,85
40056,40056,14,12,1,10,1000,3,10,60,85
40056,40056,15,12,1,10,1000,1,10,60,85
40056,40056,16,12,1,10,1000,2,10,60,85
40056,40056,17,12,1,10,1000,3,10,60,85
40057,40057,0,12,1,10,1000,1,,,
40057,40057,1,12,1,10,1000,2,,,
40057,40057,2,12,1,10,1000,3,,,
40057,40057,3,12,1,10,1000,1,,,
40057,40057,4,12,1,10,1000,2,,,
40057,40057,5,12,1,10,1000,3,,,
40058,40058,0,12,1,10,1000,1,,,
40058,40058,1,12,1,10,1000,2,,,
40058,40058,2,12,1,10,1000,3,,,
40058,40058,3,12,1,10,1000,1,,,
40058,40058,4,12,1,10,1000,2,,,
40058,40058,5,12,1,10,1000,3,,,
40059,40059,0,12,1,10,1000,1,10,60,85
40059,40059,1,12,1,10,1000,2,10,60,85
40059,40059,2,12,1,10,1000,3,10,60,85
40059,40059,3,12,1,10,1000,1,10,60,85
40059,40059,4,12,1,10,1000,2,10,60,85
40059,40059,5,12,1,10,1000,3,10,60,85
40060,40060,0,12,1,10,1000,1,,,
40060,40060,1,12,1,10,1000,2,,,
40060,40060,2,12,1,10,1000,3,,,
40060,40060,3,12,1,10,1000,1,,,
40060,40060,4,12,1,10,1000,2,,,
40060,40060,5,12,1,10,1000,3,,,
40061,40061,0,12,1,10,1000,1,10,60,85
40061,40061,1,12,1,10,1000,2,10,60,85
40061,40061,2,12,1,10,1000,3,10,60,85
40061,40061,3,12,1,10,1000,1,10,60,85
40061,40061,4,12,1,10,1000,2,10,60,85
40061,40061,5,12,1,10,1000,3,10,60,85
40062,40062,0,12,1,10,1000,1,10,60,85
40062,40062,1,12,1,10,1000,2,10,60,85
40062,40062,2,12,1,10,1000,3,10,60,85
40062,40062,3,12,1,10,1000,1,10,60,85
40062,40062,4,12,1,10,1000,2,10,60,85
40062,40062,5,12,1,10,1000,3,10,60,85
40062,40062,6,12,1,10,1000,1,10,60,85
40062,40062,7,12,1,10,1000,2,10,60,85
40062,40062,8,12,1,10,1000,3,10,60,85
40062,40062,12,12,1,10,1000,1,10,60,85
40062,40062,13,12,1,10,1000,2,10,60,85
40062,40062,14,12,1,10,1000,3,10,60,85
40062,40062,15,12,1,10,1000,1,10,60,85
40062,40062,16,12,1,10,1000,2,10,60,85
40062,40062,17,12,1,10,1000,3,10,60,85
40062,40062,203,1,1,10,1000,,,,
40062,40062,204,1,1,10,1000,,,,
40062,40062,205,1,1,10,1000,,,,
40063,40063,0,12,1,10,1000,1,10,60,85
40063,40063,1,12,1,10,1000,2,10,60,85
40063,40063,2,12,1,10,1000,3,10,60,85
40063,40063,3,12,1,10,1000,1,10,60,85
40063,40063,4,12,1,10,1000,2,10,60,85
40063,40063,5,12,1,10,1000,3,10,60,85
40063,40063,6,12,1,10,1000,1,10,60,85
40063,40063,7,12,1,10,1000,2,10,60,85
40063,40063,8,12,1,10,1000,3,10,60,85
40063,40063,12,12,1,10,1000,1,10,60,85
40063,40063,13,12,1,10,1000,2,10,60,85
40063,40063,14,12,1,10,1000,3,10,60,85
40063,40063,15,12,1,10,1000,1,10,60,85
40063,40063,16,12,1,10,1000,2,10,60,85
40063,40063,17,12,1,10,1000,3,10,60,85
40064,40064,0,12,1,10,1000,1,10,60,85
40064,40064,1,12,1,10,1000,2,10,60,85
40064,40064,2,12,1,10,1000,3,10,60,85
40064,40064,3,12,1,10,1000,1,10,60,85
40064,40064,4,12,1,10,1000,2,10,60,85
40064,40064,5,12,1,10,1000,3,10,60,85
40064,40064,6,12,1,10,1000,1,10,60,85
40064,40064,7,12,1,10,1000,2,10,60,85
40064,40064,8,12,1,10,1000,3,10,60,85
40064,40064,12,12,1,10,1000,1,10,60,85
40064,40064,13,12,1,10,1000,2,10,60,85
40064,40064,14,12,1,10,1000,3,10,60,85
40064,40064,15,12,1,10,1000,1,10,60,85
40064,40064,16,12,1,10,1000,2,10,60,85
40064,40064,17,12,1,10,1000,3,10,60,85
40065,40065,0,12,1,10,1000,1,10,60,85
40065,40065,1,12,1,10,1000,2,10,60,85
40065,40065,2,12,1,10,1000,3,10,60,85
40065,40065,3,12,1,10,1000,1,10,60,85
40065,40065,4,12,1,10,1000,2,10,60,85
40065,40065,5,12,1,10,1000,3,10,60,85
40065,40065,6,12,1,10,1000,1,10,60,85
40065,40065,7,12,1,10,1000,2,10,60,85
40065,40065,8,12,1,10,1000,3,10,60,85
40065,40065,12,12,1,10,1000,1,10,60,85
40065,40065,13,12,1,10,1000,2,10,60,85
40065,40065,14,12,1,10,1000,3,10,60,85
40065,40065,15,12,1,10,1000,1,10,60,85
40065,40065,16,12,1,10,1000,2,10,60,85
40065,40065,17,12,1,10,1000,3,10,60,85
40066,40066,0,12,1,10,1000,1,,,
40066,40066,1,12,1,10,1000,2,,,
40066,40066,2,12,1,10,1000,3,,,
40066,40066,3,12,1,10,1000,1,,,
40066,40066,4,12,1,10,1000,2,,,
40066,40066,5,12,1,10,1000,3,,,
40067,40067,0,12,1,10,1000,1,,,
40067,40067,1,12,1,10,1000,2,,,
40067,40067,2,12,1,10,1000,3,,,
40067,40067,3,12,1,10,1000,1,,,
40067,40067,4,12,1,10,1000,2,,,
40067,40067,5,12,1,10,1000,3,,,
40068,40068,0,12,1,10,1000,1,10,60,85
40068,40068,1,12,1,10,1000,2,10,60,85
40068,40068,2,12,1,10,1000,3,10,60,85
40068,40068,3,12,1,10,1000,1,10,60,85
40068,40068,4,12,1,10,1000,2,10,60,85
40068,40068,5,12,1,10,1000,3,10,60,85
40068,40068,6,12,1,10,1000,1,10,60,85
40068,40068,7,12,1,10,1000,2,10,60,85
40068,40068,8,12,1,10,1000,3,10,60,85
40068,40068,12,12,1,10,1000,1,10,60,85
40068,40068,13,12,1,10,1000,2,10,60,85
40068,40068,14,12,1,10,1000,3,10,60,85
40068,40068,15,12,1,10,1000,1,10,60,85
40068,40068,16,12,1,10,1000,2,10,60,85
40068,40068,17,12,1,10,1000,3,10,60,85
40069,40069,0,12,1,10,1000,1,10,60,85
40069,40069,1,12,1,10,1000,2,10,60,85
40069,40069,2,12,1,10,1000,3,10,60,85
40069,40069,3,12,1,10,1000,1,10,60,85
40069,40069,4,12,1,10,1000,2,10,60,85
40069,40069,5,12,1,10,1000,3,10,60,85
40069,40069,6,12,1,10,1000,1,10,60,85
40069,40069,7,12,1,10,1000,2,10,60,85
40069,40069,8,12,1,10,1000,3,10,60,85
40069,40069,12,12,1,10,1000,1,10,60,85
40069,40069,13,12,1,10,1000,2,10,60,85
40069,40069,14,12,1,10,1000,3,10,60,85
40069,40069,15,12,1,10,1000,1,10,60,85
40069,40069,16,12,1,10,1000,2,10,60,85
40069,40069,17,12,1,10,1000,3,10,60,85
40070,40070,0,12,1,10,1000,1,10,60,85
40070,40070,1,12,1,10,1000,2,10,60,85
40070,40070,2,12,1,10,1000,3,10,60,85
40070,40070,3,12,1,10,1000,1,10,60,85
40070,40070,4,12,1,10,1000,2,10,60,85
40070,40070,5,12,1,10,1000,3,10,60,85
40070,40070,12,12,1,10,1000,1,10,60,85
40070,40070,13,12,1,10,1000,2,10,60,85
40070,40070,14,12,1,10,1000,3,10,60,85
40070,40070,15,12,1,10,1000,1,10,60,85
40070,40070,16,12,1,10,1000,2,10,60,85
40070,40070,17,12,1,10,1000,3,10,60,85
40071,40071,0,12,1,10,1000,1,10,60,85
40071,40071,1,12,1,10,1000,2,10,60,85
40071,40071,2,12,1,10,1000,3,10,60,85
40071,40071,3,12,1,10,1000,1,10,60,85
40071,40071,4,12,1,10,1000,2,10,60,85
40071,40071,5,12,1,10,1000,3,10,60,85
40071,40071,6,12,1,10,1000,1,10,60,85
40071,40071,7,12,1,10,1000,2,10,60,85
40071,40071,8,12,1,10,1000,3,10,60,85
40071,40071,12,12,1,10,1000,1,10,60,85
40071,40071,13,12,1,10,1000,2,10,60,85
40071,40071,14,12,1,10,1000,3,10,60,85
40071,40071,15,12,1,10,1000,1,10,60,85
40071,40071,16,12,1,10,1000,2,10,60,85
40071,40071,17,12,1,10,1000,3,10,60,85
40072,40072,0,12,1,10,1000,1,10,60,85
40072,40072,1,12,1,10,1000,2,10,60,85
40072,40072,2,12,1,10,1000,3,10,60,85
40072,40072,3,12,1,10,1000,1,10,60,85
40072,40072,4,12,1,10,1000,2,10,60,85
40072,40072,5,12,1,10,1000,3,10,60,85
40072,40072,12,12,1,10,1000,1,10,60,85
40072,40072,13,12,1,10,1000,2,10,60,85
40072,40072,14,12,1,10,1000,3,10,60,85
40072,40072,15,12,1,10,1000,1,10,60,85
40072,40072,16,12,1,10,1000,2,10,60,85
40072,40072,17,12,1,10,1000,3,10,60,85
40074,40074,0,12,1,10,1000,1,10,60,85
40074,40074,1,12,1,10,1000,2,10,60,85
40074,40074,2,12,1,10,1000,3,10,60,85
40074,40074,3,12,1,10,1000,1,10,60,85
40074,40074,4,12,1,10,1000,2,10,60,85
40074,40074,5,12,1,10,1000,3,10,60,85
40075,40075,0,12,1,10,1000,1,,,
40075,40075,1,12,1,10,1000,2,,,
40075,40075,2,12,1,10,1000,3,,,
40075,40075,3,12,1,10,1000,1,,,
40075,40075,4,12,1,10,1000,2,,,
40075,40075,5,12,1,10,1000,3,,,
40075,40075,103,1,1,10,1000,,,,
40076,40076,0,12,1,10,1000,1,10,60,85
40076,40076,1,12,1,10,1000,2,10,60,85
40076,40076,2,12,1,10,1000,3,10,60,85
40076,40076,3,12,1,10,1000,1,10,60,85
40076,40076,4,12,1,10,1000,2,10,60,85
40076,40076,5,12,1,10,1000,3,10,60,85
40077,40077,0,12,1,10,1000,1,10,60,85
40077,40077,1,12,1,10,1000,2,10,60,85
40077,40077,2,12,1,10,1000,3,10,60,85
40077,40077,3,12,1,10,1000,1,10,60,85
40077,40077,4,12,1,10,1000,2,10,60,85
40077,40077,5,12,1,10,1000,3,10,60,85
40080,40080,0,12,1,10,1000,1,,,
40080,40080,1,12,1,10,1000,2,,,
40080,40080,2,12,1,10,1000,3,,,
40080,40080,3,12,1,10,1000,1,,,
40080,40080,4,12,1,10,1000,2,,,
40080,40080,5,12,1,10,1000,3,,,
40088,40088,0,12,1,10,1000,1,10,60,85
40090,40090,0,12,1,10,1000,1,10,60,85
40090,40090,1,12,1,10,1000,2,10,60,85
40090,40090,2,12,1,10,1000,3,10,60,85
40090,40090,3,12,1,10,1000,1,10,60,85
40090,40090,4,12,1,10,1000,2,10,60,85
40090,40090,5,12,1,10,1000,3,10,60,85
40090,40090,6,12,1,10,1000,1,10,60,85
40090,40090,7,12,1,10,1000,2,10,60,85
40090,40090,8,12,1,10,1000,3,10,60,85
40090,40090,12,12,1,10,1000,1,10,60,85
40090,40090,13,12,1,10,1000,2,10,60,85
40090,40090,14,12,1,10,1000,3,10,60,85
40090,40090,15,12,1,10,1000,1,10,60,85
40090,40090,16,12,1,10,1000,2,10,60,85
40090,40090,17,12,1,10,1000,3,10,60,85
40091,40091,0,12,1,10,1000,1,,,
40091,40091,1,12,1,10,1000,2,,,
40091,40091,2,12,1,10,1000,3,,,
40091,40091,3,12,1,10,1000,1,,,
40091,40091,4,12,1,10,1000,2,,,
40091,40091,5,12,1,10,1000,3,,,
40093,40093,0,12,1,10,1000,1,,,
40093,40093,1,12,1,10,1000,2,,,
40093,40093,2,12,1,10,1000,3,,,
40093,40093,3,12,1,10,1000,1,,,
40093,40093,4,12,1,10,1000,2,,,
40093,40093,5,12,1,10,1000,3,,,
40095,40095,0,12,1,10,1000,1,10,60,85
40096,40096,0,12,1,10,1000,1,10,60,85
40098,40098,0,12,1,10,1000,1,10,60,85
40099,40099,0,12,1,10,1000,1,10,60,85
40099,40099,1,12,1,10,1000,2,10,60,85
40099,40099,2,12,1,10,1000,3,10,60,85
40099,40099,3,12,1,10,1000,1,10,60,85
40099,40099,4,12,1,10,1000,2,10,60,85
40099,40099,5,12,1,10,1000,3,10,60,85
40099,40099,12,12,1,10,1000,1,10,60,85
40099,40099,13,12,1,10,1000,2,10,60,85
40099,40099,14,12,1,10,1000,3,10,60,85
40099,40099,15,12,1,10,1000,1,10,60,85
40099,40099,16,12,1,10,1000,2,10,60,85
40099,40099,17,12,1,10,1000,3,10,60,85
40101,40101,0,12,1,10,1000,1,10,60,85
40102,40102,0,12,1,10,1000,1,10,60,85
40103,40103,0,12,1,10,1000,1,10,60,85
40105,40105,0,12,1,10,1000,1,10,60,85
40105,40105,1,12,1,10,1000,2,10,60,85
40105,40105,2,12,1,10,1000,3,10,60,85
40105,40105,3,12,1,10,1000,1,10,60,85
40105,40105,4,12,1,10,1000,2,10,60,85
40105,40105,5,12,1,10,1000,3,10,60,85
40105,40105,6,12,1,10,1000,1,10,60,85
40105,40105,7,12,1,10,1000,2,10,60,85
40105,40105,8,12,1,10,1000,3,10,60,85
40105,40105,12,12,1,10,1000,1,10,60,85
40105,40105,13,12,1,10,1000,2,10,60,85
40105,40105,14,12,1,10,1000,3,10,60,85
40105,40105,15,12,1,10,1000,1,10,60,85
40105,40105,16,12,1,10,1000,2,10,60,85
40105,40105,17,12,1,10,1000,3,10,60,85
40107,40107,0,12,1,10,1000,1,10,60,85
40108,40108,0,12,1,10,1000,1,10,60,85
40110,40110,0,12,1,10,1000,1,10,60,85
40112,40112,0,12,1,10,1000,1,10,60,85
40112,40112,1,12,1,10,1000,2,10,60,85
40112,40112,2,12,1,10,1000,3,10,60,85
40112,40112,3,12,1,10,1000,1,10,60,85
40112,40112,4,12,1,10,1000,2,10,60,85
40112,40112,5,12,1,10,1000,3,10,60,85
40112,40112,12,12,1,10,1000,1,10,60,85
40112,40112,13,12,1,10,1000,2,10,60,85
40112,40112,14,12,1,10,1000,3,10,60,85
40112,40112,15,12,1,10,1000,1,10,60,85
40112,40112,16,12,1,10,1000,2,10,60,85
40112,40112,17,12,1,10,1000,3,10,60,85
40113,40113,0,12,1,10,1000,1,10,60,85
40113,40113,1,12,1,10,1000,2,10,60,85
40113,40113,2,12,1,10,1000,3,10,60,85
40113,40113,3,12,1,10,1000,1,10,60,85
40113,40113,4,12,1,10,1000,2,10,60,85
40113,40113,5,12,1,10,1000,3,10,60,85
40113,40113,12,12,1,10,1000,1,10,60,85
40113,40113,13,12,1,10,1000,2,10,60,85
40113,40113,14,12,1,10,1000,3,10,60,85
40114,40114,1,12,1,10,1000,2,10,60,85
40117,40117,0,12,1,10,1000,1,10,60,85
40118,40118,2,12,1,10,1000,3,10,60,85
40119,40119,0,12,1,10,1000,1,10,60,85
40120,40120,0,12,1,10,1000,1,10,60,85
40123,40123,0,12,1,10,1000,1,10,60,85
40123,40123,1,12,1,10,1000,2,10,60,85
40123,40123,2,12,1,10,1000,3,10,60,85
40123,40123,3,12,1,10,1000,1,10,60,85
40123,40123,4,12,1,10,1000,2,10,60,85
40123,40123,5,12,1,10,1000,3,10,60,85
40123,40123,6,12,1,10,1000,1,10,60,85
40123,40123,7,12,1,10,1000,2,10,60,85
40123,40123,8,12,1,10,1000,3,10,60,85
40123,40123,12,12,1,10,1000,1,10,60,85
40123,40123,13,12,1,10,1000,2,10,60,85
40123,40123,14,12,1,10,1000,3,10,60,85
40123,40123,15,12,1,10,1000,1,10,60,85
40123,40123,16,12,1,10,1000,2,10,60,85
40123,40123,17,12,1,10,1000,3,10,60,85
40124,40124,0,12,1,10,1000,1,10,60,85
40124,40124,1,12,1,10,1000,2,10,60,85
40124,40124,2,12,1,10,1000,3,10,60,85
40124,40124,3,12,1,10,1000,1,10,60,85
40124,40124,4,12,1,10,1000,2,10,60,85
40124,40124,5,12,1,10,1000,3,10,60,85
40124,40124,12,12,1,10,1000,1,10,60,85
40124,40124,13,12,1,10,1000,2,10,60,85
40124,40124,14,12,1,10,1000,3,10,60,85
40124,40124,15,12,1,10,1000,1,10,60,85
40124,40124,16,12,1,10,1000,2,10,60,85
40124,40124,17,12,1,10,1000,3,10,60,85
40125,40125,0,12,1,10,1000,1,10,60,85
40125,40125,1,12,1,10,1000,2,10,60,85
40125,40125,2,12,1,10,1000,3,10,60,85
40125,40125,3,12,1,10,1000,1,10,60,85
40125,40125,4,12,1,10,1000,2,10,60,85
40125,40125,5,12,1,10,1000,3,10,60,85
40125,40125,12,12,1,10,1000,1,10,60,85
40125,40125,13,12,1,10,1000,2,10,60,85
40125,40125,14,12,1,10,1000,3,10,60,85
40126,40126,0,12,1,10,1000,1,10,60,85
40126,40126,1,12,1,10,1000,2,10,60,85
40126,40126,2,12,1,10,1000,3,10,60,85
40126,40126,3,12,1,10,1000,1,10,60,85
40126,40126,4,12,1,10,1000,2,10,60,85
40126,40126,5,12,1,10,1000,3,10,60,85
40126,40126,12,12,1,10,1000,1,10,60,85
40126,40126,13,12,1,10,1000,2,10,60,85
40126,40126,14,12,1,10,1000,3,10,60,85
40126,40126,15,12,1,10,1000,1,10,60,85
40126,40126,16,12,1,10,1000,2,10,60,85
40126,40126,17,12,1,10,1000,3,10,60,85
40127,40127,0,12,1,10,1000,1,10,60,85
40127,40127,1,12,1,10,1000,2,10,60,85
40127,40127,2,12,1,10,1000,3,10,60,85
40127,40127,3,12,1,10,1000,1,10,60,85
40127,40127,4,12,1,10,1000,2,10,60,85
40127,40127,5,12,1,10,1000,3,10,60,85
40127,40127,12,12,1,10,1000,1,10,60,85
40127,40127,13,12,1,10,1000,2,10,60,85
40127,40127,14,12,1,10,1000,3,10,60,85
40127,40127,15,12,1,10,1000,1,10,60,85
40127,40127,16,12,1,10,1000,2,10,60,85
40127,40127,17,12,1,10,1000,3,10,60,85
40128,40128,0,12,1,10,1000,1,10,60,85
40128,40128,1,12,1,10,1000,2,10,60,85
40128,40128,2,12,1,10,1000,3,10,60,85
40128,40128,3,12,1,10,1000,1,10,60,85
40128,40128,4,12,1,10,1000,2,10,60,85
40128,40128,5,12,1,10,1000,3,10,60,85
40128,40128,12,12,1,10,1000,1,10,60,85
40128,40128,13,12,1,10,1000,2,10,60,85
40128,40128,14,12,1,10,1000,3,10,60,85
40128,40128,15,12,1,10,1000,1,10,60,85
40128,40128,16,12,1,10,1000,2,10,60,85
40128,40128,17,12,1,10,1000,3,10,60,85
40129,40129,0,12,1,10,1000,1,10,60,85
40129,40129,1,12,1,10,1000,2,10,60,85
40129,40129,2,12,1,10,1000,3,10,60,85
40129,40129,3,12,1,10,1000,1,10,60,85
40129,40129,4,12,1,10,1000,2,10,60,85
40129,40129,5,12,1,10,1000,3,10,60,85
40130,40130,0,12,1,10,1000,1,,,
40130,40130,1,12,1,10,1000,2,,,
40130,40130,2,12,1,10,1000,3,,,
40130,40130,3,12,1,10,1000,1,,,
40130,40130,4,12,1,10,1000,2,,,
40130,40130,5,12,1,10,1000,3,,,
40131,40131,0,12,1,10,1000,1,10,60,85
40131,40131,1,12,1,10,1000,2,10,60,85
40131,40131,2,12,1,10,1000,3,10,60,85
40131,40131,3,12,1,10,1000,1,10,60,85
40131,40131,4,12,1,10,1000,2,10,60,85
40131,40131,5,12,1,10,1000,3,10,60,85
40131,40131,12,12,1,10,1000,1,10,60,85
40131,40131,13,12,1,10,1000,2,10,60,85
40131,40131,14,12,1,10,1000,3,10,60,85
40131,40131,15,12,1,10,1000,1,10,60,85
40131,40131,16,12,1,10,1000,2,10,60,85
40131,40131,17,12,1,10,1000,3,10,60,85
40132,40132,0,12,1,10,1000,1,,,
40132,40132,1,12,1,10,1000,2,,,
40132,40132,2,12,1,10,1000,3,,,
40132,40132,3,12,1,10,1000,1,,,
40132,40132,4,12,1,10,1000,2,,,
40132,40132,5,12,1,10,1000,3,,,
40133,40133,0,12,1,10,1000,1,,,
40133,40133,1,12,1,10,1000,2,,,
40133,40133,2,12,1,10,1000,3,,,
40133,40133,3,12,1,10,1000,1,,,
40133,40133,4,12,1,10,1000,2,,,
40133,40133,5,12,1,10,1000,3,,,
40134,40134,0,12,1,10,1000,1,,,
40134,40134,1,12,1,10,1000,2,,,
40134,40134,2,12,1,10,1000,3,,,
40134,40134,3,12,1,10,1000,1,,,
40134,40134,4,12,1,10,1000,2,,,
40134,40134,5,12,1,10,1000,3,,,
40137,40137,0,12,1,10,1000,1,10,60,85
40138,40138,1,12,1,10,1000,2,10,60,85
40140,40140,0,12,1,10,1000,1,10,60,85
40146,40146,0,12,1,10,1000,1,10,60,85
40148,40148,0,12,1,10,1000,1,10,60,85
40149,40149,0,12,1,10,1000,1,,,
40149,40149,1,12,1,10,1000,2,,,
40149,40149,2,12,1,10,1000,3,,,
40149,40149,3,12,1,10,1000,1,,,
40149,40149,4,12,1,10,1000,2,,,
40149,40149,5,12,1,10,1000,3,,,
40159,40159,0,12,1,10,1000,1,10,60,85
40159,40159,1,12,1,10,1000,2,10,60,85
40159,40159,2,12,1,10,1000,3,10,60,85
40159,40159,3,12,1,10,1000,1,10,60,85
40159,40159,4,12,1,10,1000,2,10,60,85
40159,40159,5,12,1,10,1000,3,10,60,85
40159,40159,6,12,1,10,1000,1,10,60,85
40159,40159,7,12,1,10,1000,2,10,60,85
40159,40159,8,12,1,10,1000,3,10,60,85
40160,40160,0,12,1,10,1000,1,10,60,85
40160,40160,1,12,1,10,1000,2,10,60,85
40160,40160,2,12,1,10,1000,3,10,60,85
40160,40160,3,12,1,10,1000,1,10,60,85
40160,40160,4,12,1,10,1000,2,10,60,85
40160,40160,5,12,1,10,1000,3,10,60,85
40160,40160,12,12,1,10,1000,1,10,60,85
40160,40160,13,12,1,10,1000,2,10,60,85
40160,40160,14,12,1,10,1000,3,10,60,85
40160,40160,15,12,1,10,1000,1,10,60,85
40160,40160,16,12,1,10,1000,2,10,60,85
40160,40160,17,12,1,10,1000,3,10,60,85
40162,40162,0,12,1,10,1000,1,10,60,85
40162,40162,1,12,1,10,1000,2,10,60,85
40162,40162,2,12,1,10,1000,3,10,60,85
40162,40162,3,12,1,10,1000,1,10,60,85
40162,40162,4,12,1,10,1000,2,10,60,85
40162,40162,5,12,1,10,1000,3,10,60,85
40162,40162,12,12,1,10,1000,1,10,60,85
40162,40162,13,12,1,10,1000,2,10,60,85
40162,40162,14,12,1,10,1000,3,10,60,85
40162,40162,15,12,1,10,1000,1,10,60,85
40162,40162,16,12,1,10,1000,2,10,60,85
40162,40162,17,12,1,10,1000,3,10,60,85
40164,40164,0,12,1,10,1000,1,10,60,85
40164,40164,1,12,1,10,1000,2,10,60,85
40164,40164,2,12,1,10,1000,3,10,60,85
40164,40164,3,12,1,10,1000,1,10,60,85
40164,40164,4,12,1,10,1000,2,10,60,85
40164,40164,5,12,1,10,1000,3,10,60,85
40164,40164,12,12,1,10,1000,1,10,60,85
40164,40164,13,12,1,10,1000,2,10,60,85
40164,40164,14,12,1,10,1000,3,10,60,85
40165,40165,0,12,1,10,1000,1,,,
40165,40165,1,12,1,10,1000,2,,,
40165,40165,2,12,1,10,1000,3,,,
40165,40165,3,12,1,10,1000,1,,,
40165,40165,4,12,1,10,1000,2,,,
40165,40165,5,12,1,10,1000,3,,,
40167,40167,0,12,1,10,1000,1,,,
40167,40167,1,12,1,10,1000,2,,,
40167,40167,2,12,1,10,1000,3,,,
40167,40167,3,12,1,10,1000,1,,,
40167,40167,4,12,1,10,1000,2,,,
40167,40167,5,12,1,10,1000,3,,,
40169,40169,0,12,1,10,1000,1,10,60,85
40169,40169,1,12,1,10,1000,2,10,60,85
40169,40169,2,12,1,10,1000,3,10,60,85
40169,40169,3,12,1,10,1000,1,10,60,85
40169,40169,4,12,1,10,1000,2,10,60,85
40169,40169,5,12,1,10,1000,3,10,60,85
40169,40169,12,12,1,10,1000,1,10,60,85
40169,40169,13,12,1,10,1000,2,10,60,85
40169,40169,14,12,1,10,1000,3,10,60,85
40169,40169,15,12,1,10,1000,1,10,60,85
40169,40169,16,12,1,10,1000,2,10,60,85
40169,40169,17,12,1,10,1000,3,10,60,85
40172,40172,0,12,1,10,1000,1,10,60,85
40172,40172,1,12,1,10,1000,2,10,60,85
40172,40172,2,12,1,10,1000,3,10,60,85
40172,40172,3,12,1,10,1000,1,10,60,85
40172,40172,4,12,1,10,1000,2,10,60,85
40172,40172,5,12,1,10,1000,3,10,60,85
40172,40172,12,12,1,10,1000,1,10,60,85
40172,40172,13,12,1,10,1000,2,10,60,85
40172,40172,14,12,1,10,1000,3,10,60,85
40174,40174,0,12,1,10,1000,1,10,60,85
40174,40174,1,12,1,10,1000,2,10,60,85
40174,40174,2,12,1,10,1000,3,10,60,85
40174,40174,3,12,1,10,1000,1,10,60,85
40174,40174,4,12,1,10,1000,2,10,60,85
40174,40174,5,12,1,10,1000,3,10,60,85
40174,40174,12,12,1,10,1000,1,10,60,85
40174,40174,13,12,1,10,1000,2,10,60,85
40174,40174,14,12,1,10,1000,3,10,60,85
40174,40174,15,12,1,10,1000,1,10,60,85
40174,40174,16,12,1,10,1000,2,10,60,85
40174,40174,17,12,1,10,1000,3,10,60,85
40176,40176,0,12,1,10,1000,1,10,60,85
40176,40176,1,12,1,10,1000,2,10,60,85
40176,40176,2,12,1,10,1000,3,10,60,85
40176,40176,3,12,1,10,1000,1,10,60,85
40176,40176,4,12,1,10,1000,2,10,60,85
40176,40176,5,12,1,10,1000,3,10,60,85
40176,40176,6,12,1,10,1000,1,10,60,85
40176,40176,7,12,1,10,1000,2,10,60,85
40176,40176,8,12,1,10,1000,3,10,60,85
40176,40176,12,12,1,10,1000,1,10,60,85
40176,40176,13,12,1,10,1000,2,10,60,85
40176,40176,14,12,1,10,1000,3,10,60,85
40176,40176,15,12,1,10,1000,1,10,60,85
40176,40176,16,12,1,10,1000,2,10,60,85
40176,40176,17,12,1,10,1000,3,10,60,85
40182,40182,0,12,1,10,1000,1,10,60,85
40183,40183,0,12,1,10,1000,1,10,60,85
40183,40183,1,12,1,10,1000,2,10,60,85
40183,40183,2,12,1,10,1000,3,10,60,85
40183,40183,3,12,1,10,1000,1,10,60,85
40183,40183,4,12,1,10,1000,2,10,60,85
40183,40183,5,12,1,10,1000,3,10,60,85
40184,40184,0,12,1,10,1000,,,,
40184,40184,1,12,1,10,1000,,,,
40184,40184,2,12,1,10,1000,,,,
40184,40184,3,12,1,10,1000,,,,
40184,40184,4,12,1,10,1000,,,,
40184,40184,5,12,1,10,1000,,,,
40185,40185,0,12,1,10,1000,1,,,
40185,40185,1,12,1,10,1000,2,,,
40185,40185,2,12,1,10,1000,3,,,
40185,40185,3,12,1,10,1000,1,,,
40185,40185,4,12,1,10,1000,2,,,
40185,40185,5,12,1,10,1000,3,,,
40186,40186,0,12,1,10,1000,1,10,60,85
40186,40186,1,12,1,10,1000,2,10,60,85
40186,40186,2,12,1,10,1000,3,10,60,85
40186,40186,3,12,1,10,1000,1,10,60,85
40186,40186,4,12,1,10,1000,2,10,60,85
40186,40186,5,12,1,10,1000,3,10,60,85
40186,40186,12,12,1,10,1000,1,10,60,85
40186,40186,13,12,1,10,1000,2,10,60,85
40186,40186,14,12,1,10,1000,3,10,60,85
40187,40187,0,12,1,10,1000,1,10,60,85
40187,40187,1,12,1,10,1000,2,10,60,85
40187,40187,2,12,1,10,1000,3,10,60,85
40187,40187,3,12,1,10,1000,1,10,60,85
40187,40187,4,12,1,10,1000,2,10,60,85
40187,40187,5,12,1,10,1000,3,10,60,85
40187,40187,12,12,1,10,1000,1,10,60,85
40187,40187,13,12,1,10,1000,2,10,60,85
40187,40187,14,12,1,10,1000,3,10,60,85
40188,40188,0,12,1,10,1000,1,10,60,85
40188,40188,1,12,1,10,1000,2,10,60,85
40188,40188,2,12,1,10,1000,3,10,60,85
40188,40188,3,12,1,10,1000,1,10,60,85
40188,40188,4,12,1,10,1000,2,10,60,85
40188,40188,5,12,1,10,1000,3,10,60,85
40189,40189,0,12,1,10,1000,1,,,
40189,40189,1,12,1,10,1000,2,,,
40189,40189,2,12,1,10,1000,3,,,
40189,40189,3,12,1,10,1000,1,,,
40189,40189,4,12,1,10,1000,2,,,
40189,40189,5,12,1,10,1000,3,,,
40193,40193,0,12,1,10,1000,1,10,60,85
40193,40193,1,12,1,10,1000,2,10,60,85
40193,40193,2,12,1,10,1000,3,10,60,85
40193,40193,3,12,1,10,1000,1,10,60,85
40193,40193,4,12,1,10,1000,2,10,60,85
40193,40193,5,12,1,10,1000,3,10,60,85
40193,40193,6,12,1,10,1000,1,10,60,85
40193,40193,7,12,1,10,1000,2,10,60,85
40193,40193,8,12,1,10,1000,3,10,60,85
40193,40193,12,12,1,10,1000,1,10,60,85
40193,40193,13,12,1,10,1000,2,10,60,85
40193,40193,14,12,1,10,1000,3,10,60,85
40193,40193,15,12,1,10,1000,1,10,60,85
40193,40193,16,12,1,10,1000,2,10,60,85
40193,40193,17,12,1,10,1000,3,10,60,85
40196,40196,0,12,1,10,1000,1,,,
40196,40196,1,12,1,10,1000,2,,,
40196,40196,2,12,1,10,1000,3,,,
40196,40196,3,12,1,10,1000,1,,,
40196,40196,4,12,1,10,1000,2,,,
40196,40196,5,12,1,10,1000,3,,,
40197,40197,0,12,1,10,1000,1,10,60,85
40197,40197,1,12,1,10,1000,2,10,60,85
40197,40197,2,12,1,10,1000,3,10,60,85
40197,40197,3,12,1,10,1000,1,10,60,85
40197,40197,4,12,1,10,1000,2,10,60,85
40197,40197,5,12,1,10,1000,3,10,60,85
40197,40197,6,12,1,10,1000,1,10,60,85
40198,40198,0,12,1,10,1000,1,10,60,85
40198,40198,1,12,1,10,1000,2,10,60,85
40198,40198,2,12,1,10,1000,3,10,60,85
40198,40198,3,12,1,10,1000,1,10,60,85
40198,40198,4,12,1,10,1000,2,10,60,85
40198,40198,5,12,1,10,1000,3,10,60,85
40199,40199,0,12,1,10,1000,1,,,
40199,40199,1,12,1,10,1000,2,,,
40199,40199,2,12,1,10,1000,3,,,
40199,40199,3,12,1,10,1000,1,,,
40199,40199,4,12,1,10,1000,2,,,
40199,40199,5,12,1,10,1000,3,,,
40200,40200,0,12,1,10,1000,1,10,60,85
40200,40200,1,12,1,10,1000,2,10,60,85
40200,40200,2,12,1,10,1000,3,10,60,85
40200,40200,3,12,1,10,1000,1,10,60,85
40200,40200,4,12,1,10,1000,2,10,60,85
40200,40200,5,12,1,10,1000,3,10,60,85
40200,40200,6,12,1,10,1000,1,10,60,85
40200,40200,7,12,1,10,1000,2,10,60,85
40201,40201,0,12,1,10,1000,1,10,60,85
40201,40201,1,12,1,10,1000,2,10,60,85
40201,40201,2,12,1,10,1000,3,10,60,85
40201,40201,3,12,1,10,1000,1,10,60,85
40201,40201,4,12,1,10,1000,2,10,60,85
40201,40201,5,12,1,10,1000,3,10,60,85
40201,40201,12,12,1,10,1000,1,10,60,85
40201,40201,13,12,1,10,1000,2,10,60,85
40201,40201,14,12,1,10,1000,3,10,60,85
40202,40202,0,12,1,10,10000,1,10,60,85
40202,40202,1,12,1,10,10000,2,10,60,85
40202,40202,2,12,1,10,10000,3,10,60,85
40202,40202,3,12,1,10,10000,1,10,60,85
40202,40202,4,12,1,10,10000,2,10,60,85
40202,40202,5,12,1,10,10000,3,10,60,85
40202,40202,8,12,1,10,1000,3,10,60,85
40202,40202,12,12,1,10,1000,1,10,60,85
40202,40202,13,12,1,10,1000,2,10,60,85
40202,40202,14,12,1,10,1000,3,10,60,85
40204,40204,0,12,1,10,1000,1,10,60,85
40204,40204,1,12,1,10,1000,2,10,60,85
40204,40204,2,12,1,10,1000,3,10,60,85
40204,40204,3,12,1,10,1000,1,10,60,85
40204,40204,4,12,1,10,1000,2,10,60,85
40204,40204,5,12,1,10,1000,3,10,60,85
40204,40204,6,12,1,10,1000,1,10,60,85
40204,40204,7,12,1,10,1000,2,10,60,85
40204,40204,8,12,1,10,1000,3,10,60,85
40204,40204,12,12,1,10,1000,1,10,60,85
40204,40204,13,12,1,10,1000,2,10,60,85
40204,40204,14,12,1,10,1000,3,10,60,85
40205,40205,0,12,1,10,1000,1,,,
40205,40205,1,12,1,10,1000,2,,,
40205,40205,2,12,1,10,1000,3,,,
40205,40205,3,12,1,10,1000,1,,,
40205,40205,4,12,1,10,1000,2,,,
40205,40205,5,12,1,10,1000,3,,,
40207,40207,0,12,1,10,1000,1,10,60,85
40207,40207,1,12,1,10,1000,2,10,60,85
40207,40207,2,12,1,10,1000,3,10,60,85
40207,40207,3,12,1,10,1000,1,10,60,85
40207,40207,4,12,1,10,1000,2,10,60,85
40207,40207,5,12,1,10,1000,3,10,60,85
40208,40208,0,12,1,10,1000,1,,,
40208,40208,1,12,1,10,1000,2,,,
40208,40208,2,12,1,10,1000,3,,,
40208,40208,3,12,1,10,1000,1,,,
40208,40208,4,12,1,10,1000,2,,,
40208,40208,5,12,1,10,1000,3,,,
40209,40209,0,12,1,10,1000,1,10,60,85
40209,40209,1,12,1,10,1000,2,10,60,85
40209,40209,2,12,1,10,1000,3,10,60,85
40209,40209,3,12,1,10,1000,1,10,60,85
40209,40209,4,12,1,10,1000,2,10,60,85
40209,40209,5,12,1,10,1000,3,10,60,85
40209,40209,12,12,1,10,1000,1,10,60,85
40209,40209,13,12,1,10,1000,2,10,60,85
40209,40209,14,12,1,10,1000,3,10,60,85
40210,40210,0,12,1,10,1000,1,10,60,85
40210,40210,1,12,1,10,1000,2,10,60,85
40210,40210,2,12,1,10,1000,3,10,60,85
40210,40210,3,12,1,10,1000,1,10,60,85
40210,40210,4,12,1,10,1000,2,10,60,85
40210,40210,5,12,1,10,1000,3,10,60,85
40210,40210,12,12,1,10,1000,1,10,60,85
40210,40210,13,12,1,10,1000,2,10,60,85
40210,40210,14,12,1,10,1000,3,10,60,85
40211,40211,0,12,1,10,10000,1,10,60,85
40211,40211,1,12,1,10,10000,2,10,60,85
40211,40211,2,12,1,10,10000,3,10,60,85
40211,40211,3,12,1,10,10000,1,10,60,85
40211,40211,4,12,1,10,10000,2,10,60,85
40211,40211,5,12,1,10,10000,3,10,60,85
40211,40211,12,12,1,10,1000,1,10,60,85
40211,40211,13,12,1,10,1000,2,10,60,85
40211,40211,14,12,1,10,1000,3,10,60,85
40212,40212,0,12,1,10,1000,1,,,
40212,40212,1,12,1,10,1000,2,,,
40212,40212,2,12,1,10,1000,3,,,
40212,40212,3,12,1,10,1000,1,,,
40212,40212,4,12,1,10,1000,2,,,
